{
  "version": "2020.2",
  "applications": [],
  "platforms": [
    {
      "name": "Platform"
    }
  ],
  "systems": [
    {
      "name": "App_system",
      "platform": "C:/Users/schahboun/Documents/ARTIX7/Microblaze5/SDK/Platform/export/Platform/Platform.xpfm",
      "sysConfig": "Platform",
      "buildConfig": "Debug",
      "applications": [
        {
          "name": "App",
          "platform": "C:/Users/schahboun/Documents/ARTIX7/Microblaze5/SDK/Platform/export/Platform/Platform.xpfm",
          "platformPath": "C:\\Users\\schahboun\\Documents\\ARTIX7\\Microblaze5\\SDK\\Platform\\export\\Platform",
          "sysConfig": "Platform",
          "domain": "standalone_domain",
          "system": "App_system"
        }
      ],
      "platformPath": "C:\\Users\\schahboun\\Documents\\ARTIX7\\Microblaze5\\SDK\\Platform\\export\\Platform"
    },
    {
      "name": "bootloader_system",
      "platform": "C:/Users/schahboun/Documents/ARTIX7/Microblaze5/SDK/Platform/export/Platform/Platform.xpfm",
      "sysConfig": "Platform",
      "buildConfig": "Release",
      "applications": [
        {
          "name": "bootloader",
          "platform": "C:/Users/schahboun/Documents/ARTIX7/Microblaze5/SDK/Platform/export/Platform/Platform.xpfm",
          "platformPath": "C:\\Users\\schahboun\\Documents\\ARTIX7\\Microblaze5\\SDK\\Platform\\export\\Platform",
          "sysConfig": "Platform",
          "domain": "standalone_domain",
          "system": "bootloader_system"
        }
      ],
      "platformPath": "C:\\Users\\schahboun\\Documents\\ARTIX7\\Microblaze5\\SDK\\Platform\\export\\Platform"
    }
  ],
  "others": []
}